job_name,first,second,first-second,third
采购/贸易-采购-买手,采购/贸易,采购,采购/贸易-采购,买手
生产制造-技工/普工-折弯工,生产制造,技工/普工,生产制造-技工/普工,折弯工
医疗健康-其他医疗健康职位-医学编辑,医疗健康,其他医疗健康职位,医疗健康-其他医疗健康职位,医学编辑
人力/财务/行政-财务-审计,人力/财务/行政,财务,人力/财务/行政-财务,审计
供应链/物流-物流-供应链经理,供应链/物流,物流,供应链/物流-物流,供应链经理
生产制造-技工/普工-注塑工,生产制造,技工/普工,生产制造-技工/普工,注塑工
技术-测试-功能测试,技术,测试,技术-测试,功能测试
销售-服务业销售-旅游顾问,销售,服务业销售,销售-服务业销售,旅游顾问
人力/财务/行政-行政-行政专员/助理,人力/财务/行政,行政,人力/财务/行政-行政,行政专员/助理
设计-视觉/交互设计-广告设计,设计,视觉/交互设计,设计-视觉/交互设计,广告设计
服务业-运动健身-救生员,服务业,运动健身,服务业-运动健身,救生员
传媒-影视媒体-经纪人/星探,传媒,影视媒体,传媒-影视媒体,经纪人/星探
服务业-餐饮-后厨,服务业,餐饮,服务业-餐饮,后厨
生产制造-服装/纺织/皮革-面料辅料开发,生产制造,服装/纺织/皮革,生产制造-服装/纺织/皮革,面料辅料开发
生产制造-生产营运-生产总监,生产制造,生产营运,生产制造-生产营运,生产总监
设计-视觉/交互设计-3D设计师,设计,视觉/交互设计,设计-视觉/交互设计,3D设计师
医疗健康-医生/医技-内科医生,医疗健康,医生/医技,医疗健康-医生/医技,内科医生
采购/贸易-进出口贸易-单证员,采购/贸易,进出口贸易,采购/贸易-进出口贸易,单证员
医疗健康-健康整形-康复治疗师,医疗健康,健康整形,医疗健康-健康整形,康复治疗师
传媒-采编/写作/出版-记者/采编,传媒,采编/写作/出版,传媒-采编/写作/出版,记者/采编
设计-视觉/交互设计-设计师助理,设计,视觉/交互设计,设计-视觉/交互设计,设计师助理
咨询/翻译/法律-咨询/调研-猎头顾问,咨询/翻译/法律,咨询/调研,咨询/翻译/法律-咨询/调研,猎头顾问
技术-运维/技术支持-网络工程师,技术,运维/技术支持,技术-运维/技术支持,网络工程师
金融-证券/基金/期货-量化研究员,金融,证券/基金/期货,金融-证券/基金/期货,量化研究员
销售-外贸销售-外贸业务员,销售,外贸销售,销售-外贸销售,外贸业务员
技术-电子/半导体-电气工程师,技术,电子/半导体,技术-电子/半导体,电气工程师
生产制造-机械设计/制造-机械结构工程师,生产制造,机械设计/制造,生产制造-机械设计/制造,机械结构工程师
供应链/物流-交通/运输-配送员,供应链/物流,交通/运输,供应链/物流-交通/运输,配送员
运营-运营-运营助理/专员,运营,运营,运营-运营,运营助理/专员
咨询/翻译/法律-咨询/调研-知识产权/专利/商标代理人,咨询/翻译/法律,咨询/调研,咨询/翻译/法律-咨询/调研,知识产权/专利/商标代理人
服务业-安保/家政/维修-保洁经理,服务业,安保/家政/维修,服务业-安保/家政/维修,保洁经理
传媒-影视媒体-制片人,传媒,影视媒体,传媒-影视媒体,制片人
运营-编辑-文案编辑,运营,编辑,运营-编辑,文案编辑
生产制造-技工/普工-空调工,生产制造,技工/普工,生产制造-技工/普工,空调工
设计-用户研究-用户研究员,设计,用户研究,设计-用户研究,用户研究员
运营-运营-商家运营,运营,运营,运营-运营,商家运营
产品-产品经理-游戏策划,产品,产品经理,产品-产品经理,游戏策划
产品-产品经理-产品助理,产品,产品经理,产品-产品经理,产品助理
技术-销售技术支持-售前技术支持,技术,销售技术支持,技术-销售技术支持,售前技术支持
生产制造-技工/普工-样衣工,生产制造,技工/普工,生产制造-技工/普工,样衣工
技术-人工智能-数据挖掘,技术,人工智能,技术-人工智能,数据挖掘
教育培训-特长培训-古筝教师,教育培训,特长培训,教育培训-特长培训,古筝教师
技术-人工智能-算法研究员,技术,人工智能,技术-人工智能,算法研究员
销售-课程销售-留学顾问,销售,课程销售,销售-课程销售,留学顾问
服务业-餐饮-配菜打荷,服务业,餐饮,服务业-餐饮,配菜打荷
服务业-宠物服务-宠物美容,服务业,宠物服务,服务业-宠物服务,宠物美容
服务业-餐饮-日料厨师,服务业,餐饮,服务业-餐饮,日料厨师
技术-高端技术职位-技术经理,技术,高端技术职位,技术-高端技术职位,技术经理
房地产/建筑-建筑/规划设计-建筑设计师,房地产/建筑,建筑/规划设计,房地产/建筑-建筑/规划设计,建筑设计师
运营-运营-活动运营,运营,运营,运营-运营,活动运营
教育培训-教师-文科教师,教育培训,教师,教育培训-教师,文科教师
技术-硬件开发-FPGA开发,技术,硬件开发,技术-硬件开发,FPGA开发
技术-硬件开发-光学工程师,技术,硬件开发,技术-硬件开发,光学工程师
生产制造-机械设计/制造-焊接工程师,生产制造,机械设计/制造,生产制造-机械设计/制造,焊接工程师
技术-通信-通信技术工程师,技术,通信,技术-通信,通信技术工程师
技术-销售技术支持-售后技术支持,技术,销售技术支持,技术-销售技术支持,售后技术支持
技术-后端开发-GIS工程师,技术,后端开发,技术-后端开发,GIS工程师
销售-外贸销售-外贸经理,销售,外贸销售,销售-外贸销售,外贸经理
传媒-影视媒体-艺人助理,传媒,影视媒体,传媒-影视媒体,艺人助理
供应链/物流-物流-配送站长,供应链/物流,物流,供应链/物流-物流,配送站长
服务业-餐饮-餐饮学徒,服务业,餐饮,服务业-餐饮,餐饮学徒
服务业-婚礼/花艺-婚礼策划,服务业,婚礼/花艺,服务业-婚礼/花艺,婚礼策划
服务业-餐饮-西餐厨师,服务业,餐饮,服务业-餐饮,西餐厨师
咨询/翻译/法律-翻译-日语翻译,咨询/翻译/法律,翻译,咨询/翻译/法律-翻译,日语翻译
咨询/翻译/法律-翻译-英语翻译,咨询/翻译/法律,翻译,咨询/翻译/法律-翻译,英语翻译
技术-前端/移动开发-U3D,技术,前端/移动开发,技术-前端/移动开发,U3D
金融-投融资-投资助理,金融,投融资,金融-投融资,投资助理
教育培训-特长培训-乐高教师,教育培训,特长培训,教育培训-特长培训,乐高教师
服务业-零售-督导/巡店,服务业,零售,服务业-零售,督导/巡店
服务业-安保/家政/维修-手机维修,服务业,安保/家政/维修,服务业-安保/家政/维修,手机维修
医疗健康-护士/护理-护士长,医疗健康,护士/护理,医疗健康-护士/护理,护士长
供应链/物流-物流-调度员,供应链/物流,物流,供应链/物流-物流,调度员
技术-人工智能-图像算法,技术,人工智能,技术-人工智能,图像算法
医疗健康-医生/医技-其他医生职位,医疗健康,医生/医技,医疗健康-医生/医技,其他医生职位
技术-后端开发-C#,技术,后端开发,技术-后端开发,C#
教育培训-教育行政-教务管理,教育培训,教育行政,教育培训-教育行政,教务管理
设计-游戏设计-游戏角色,设计,游戏设计,设计-游戏设计,游戏角色
金融-银行-银行大堂经理,金融,银行,金融-银行,银行大堂经理
生产制造-机械设计/制造-材料工程师,生产制造,机械设计/制造,生产制造-机械设计/制造,材料工程师
服务业-汽车服务-4S店店长/维修站长,服务业,汽车服务,服务业-汽车服务,4S店店长/维修站长
人力/财务/行政-人力资源-人力资源总监,人力/财务/行政,人力资源,人力/财务/行政-人力资源,人力资源总监
技术-人工智能-机器学习,技术,人工智能,技术-人工智能,机器学习
市场-公关媒介-媒介经理,市场,公关媒介,市场-公关媒介,媒介经理
销售-销售-网络销售,销售,销售,销售-销售,网络销售
医疗健康-药店-药店店长,医疗健康,药店,医疗健康-药店,药店店长
医疗健康-临床试验-临床医学经理/专员,医疗健康,临床试验,医疗健康-临床试验,临床医学经理/专员
采购/贸易-进出口贸易-报关/报检员,采购/贸易,进出口贸易,采购/贸易-进出口贸易,报关/报检员
生产制造-机械设计/制造-工业工程师(IE),生产制造,机械设计/制造,生产制造-机械设计/制造,工业工程师(IE)
生产制造-汽车制造-汽车项目管理,生产制造,汽车制造,生产制造-汽车制造,汽车项目管理
采购/贸易-采购-采购专员/助理,采购/贸易,采购,采购/贸易-采购,采购专员/助理
金融-投融资-投资者关系/证券事务代表,金融,投融资,金融-投融资,投资者关系/证券事务代表
设计-非视觉设计-工业设计,设计,非视觉设计,设计-非视觉设计,工业设计
医疗健康-医生/医技-妇产科医生,医疗健康,医生/医技,医疗健康-医生/医技,妇产科医生
设计-视觉/交互设计-插画师,设计,视觉/交互设计,设计-视觉/交互设计,插画师
农/林/牧/渔-畜牧/渔业-禽畜/水产养殖技术员,农/林/牧/渔,畜牧/渔业,农/林/牧/渔-畜牧/渔业,禽畜/水产养殖技术员
技术-后端开发-语音/视频/图形开发,技术,后端开发,技术-后端开发,语音/视频/图形开发
医疗健康-医生/医技-全科医生,医疗健康,医生/医技,医疗健康-医生/医技,全科医生
教育培训-特长培训-足球教练,教育培训,特长培训,教育培训-特长培训,足球教练
技术-硬件开发-自动化,技术,硬件开发,技术-硬件开发,自动化
房地产/建筑-建筑/规划设计-给排水工程师,房地产/建筑,建筑/规划设计,房地产/建筑-建筑/规划设计,给排水工程师
生产制造-技工/普工-车工,生产制造,技工/普工,生产制造-技工/普工,车工
技术-人工智能-自动驾驶系统工程师,技术,人工智能,技术-人工智能,自动驾驶系统工程师
销售-销售-电话销售,销售,销售,销售-销售,电话销售
设计-非视觉设计-展览/展示设计,设计,非视觉设计,设计-非视觉设计,展览/展示设计
运营-运营-亚马逊运营,运营,运营,运营-运营,亚马逊运营
人力/财务/行政-人力资源-培训,人力/财务/行政,人力资源,人力/财务/行政-人力资源,培训
运营-运营-数据/策略运营,运营,运营,运营-运营,数据/策略运营
销售-房地产销售/招商-物业招商管理,销售,房地产销售/招商,销售-房地产销售/招商,物业招商管理
运营-运营-跨境电商运营,运营,运营,运营-运营,跨境电商运营
人力/财务/行政-人力资源-人力资源专员/助理,人力/财务/行政,人力资源,人力/财务/行政-人力资源,人力资源专员/助理
服务业-美容保健-美容店长,服务业,美容保健,服务业-美容保健,美容店长
供应链/物流-仓储-仓库经理,供应链/物流,仓储,供应链/物流-仓储,仓库经理
市场-市场/营销-市场顾问,市场,市场/营销,市场-市场/营销,市场顾问
设计-视觉/交互设计-交互设计师,设计,视觉/交互设计,设计-视觉/交互设计,交互设计师
金融-投融资-融资,金融,投融资,金融-投融资,融资
设计-非视觉设计-珠宝设计,设计,非视觉设计,设计-非视觉设计,珠宝设计
生产制造-技工/普工-锅炉工,生产制造,技工/普工,生产制造-技工/普工,锅炉工
人力/财务/行政-行政-经理助理,人力/财务/行政,行政,人力/财务/行政-行政,经理助理
生产制造-机械设计/制造-模具工程师,生产制造,机械设计/制造,生产制造-机械设计/制造,模具工程师
生产制造-质量安全-质量管理/测试,生产制造,质量安全,生产制造-质量安全,质量管理/测试
服务业-餐饮-厨师长,服务业,餐饮,服务业-餐饮,厨师长
传媒-影视媒体-编剧,传媒,影视媒体,传媒-影视媒体,编剧
技术-硬件开发-驱动开发,技术,硬件开发,技术-硬件开发,驱动开发
房地产/建筑-建筑/规划设计-消防工程师,房地产/建筑,建筑/规划设计,房地产/建筑-建筑/规划设计,消防工程师
生产制造-机械设计/制造-机械设备工程师,生产制造,机械设计/制造,生产制造-机械设计/制造,机械设备工程师
教育培训-特长培训-篮球教练,教育培训,特长培训,教育培训-特长培训,篮球教练
市场-公关媒介-品牌公关,市场,公关媒介,市场-公关媒介,品牌公关
市场-市场/营销-商业数据分析,市场,市场/营销,市场-市场/营销,商业数据分析
产品-产品经理-产品经理,产品,产品经理,产品-产品经理,产品经理
教育培训-教师-助教,教育培训,教师,教育培训-教师,助教
人力/财务/行政-法务-法务经理/主管,人力/财务/行政,法务,人力/财务/行政-法务,法务经理/主管
咨询/翻译/法律-律师-专利律师,咨询/翻译/法律,律师,咨询/翻译/法律-律师,专利律师
服务业-汽车服务-加油员,服务业,汽车服务,服务业-汽车服务,加油员
技术-前端/移动开发-前端开发工程师,技术,前端/移动开发,技术-前端/移动开发,前端开发工程师
房地产/建筑-建筑/规划设计-幕墙工程师,房地产/建筑,建筑/规划设计,房地产/建筑-建筑/规划设计,幕墙工程师
医疗健康-生物制药-医疗产品技术支持,医疗健康,生物制药,医疗健康-生物制药,医疗产品技术支持
设计-游戏设计-系统策划,设计,游戏设计,设计-游戏设计,系统策划
服务业-美容保健-美容师,服务业,美容保健,服务业-美容保健,美容师
高级管理-高级管理职位-董事会秘书,高级管理,高级管理职位,高级管理-高级管理职位,董事会秘书
房地产/建筑-装饰装修-装修项目经理,房地产/建筑,装饰装修,房地产/建筑-装饰装修,装修项目经理
供应链/物流-交通/运输-网约车司机,供应链/物流,交通/运输,供应链/物流-交通/运输,网约车司机
服务业-安保/家政/维修-保洁,服务业,安保/家政/维修,服务业-安保/家政/维修,保洁
人力/财务/行政-法务-律师,人力/财务/行政,法务,人力/财务/行政-法务,律师
技术-测试-测试开发,技术,测试,技术-测试,测试开发
服务业-安保/家政/维修-产后康复师,服务业,安保/家政/维修,服务业-安保/家政/维修,产后康复师
服务业-餐饮-洗碗工,服务业,餐饮,服务业-餐饮,洗碗工
运营-客服-电话客服,运营,客服,运营-客服,电话客服
销售-服务业销售-化妆品导购,销售,服务业销售,销售-服务业销售,化妆品导购
人力/财务/行政-财务-税务,人力/财务/行政,财务,人力/财务/行政-财务,税务
医疗健康-医生/医技-放射科医生,医疗健康,医生/医技,医疗健康-医生/医技,放射科医生
销售-销售管理-销售VP,销售,销售管理,销售-销售管理,销售VP
生产制造-技工/普工-组装工,生产制造,技工/普工,生产制造-技工/普工,组装工
房地产/建筑-建筑/规划设计-土木/土建/结构工程师,房地产/建筑,建筑/规划设计,房地产/建筑-建筑/规划设计,土木/土建/结构工程师
人力/财务/行政-法务-法律顾问,人力/财务/行政,法务,人力/财务/行政-法务,法律顾问
高级管理-高级管理职位-分公司/代表处负责人,高级管理,高级管理职位,高级管理-高级管理职位,分公司/代表处负责人
房地产/建筑-工程管理-工程造价,房地产/建筑,工程管理,房地产/建筑-工程管理,工程造价
服务业-美容保健-针灸推拿,服务业,美容保健,服务业-美容保健,针灸推拿
销售-汽车销售-汽车销售,销售,汽车销售,销售-汽车销售,汽车销售
房地产/建筑-物业管理-物业工程主管,房地产/建筑,物业管理,房地产/建筑-物业管理,物业工程主管
房地产/建筑-建筑/规划设计-BIM工程师,房地产/建筑,建筑/规划设计,房地产/建筑-建筑/规划设计,BIM工程师
教育培训-职业培训-拓展培训,教育培训,职业培训,教育培训-职业培训,拓展培训
市场-市场/营销-信息流优化师,市场,市场/营销,市场-市场/营销,信息流优化师
技术-其他技术职位-其他技术职位,技术,其他技术职位,技术-其他技术职位,其他技术职位
生产制造-生产营运-厂长,生产制造,生产营运,生产制造-生产营运,厂长
医疗健康-医生/医技-超声科医生,医疗健康,医生/医技,医疗健康-医生/医技,超声科医生
技术-硬件开发-硬件工程师,技术,硬件开发,技术-硬件开发,硬件工程师
教育培训-教师-就业老师,教育培训,教师,教育培训-教师,就业老师
服务业-安保/家政/维修-保安经理,服务业,安保/家政/维修,服务业-安保/家政/维修,保安经理
房地产/建筑-物业管理-物业管理员,房地产/建筑,物业管理,房地产/建筑-物业管理,物业管理员
生产制造-质量安全-质检员,生产制造,质量安全,生产制造-质量安全,质检员
人力/财务/行政-人力资源-企业文化,人力/财务/行政,人力资源,人力/财务/行政-人力资源,企业文化
房地产/建筑-工程管理-材料员,房地产/建筑,工程管理,房地产/建筑-工程管理,材料员
咨询/翻译/法律-咨询/调研-人力资源咨询顾问,咨询/翻译/法律,咨询/调研,咨询/翻译/法律-咨询/调研,人力资源咨询顾问
供应链/物流-交通/运输-代驾司机,供应链/物流,交通/运输,供应链/物流-交通/运输,代驾司机
医疗健康-临床试验-临床协调员,医疗健康,临床试验,医疗健康-临床试验,临床协调员
运营-运营-品类运营,运营,运营,运营-运营,品类运营
销售-医疗销售-口腔咨询师,销售,医疗销售,销售-医疗销售,口腔咨询师
医疗健康-医生/医技-外科医生,医疗健康,医生/医技,医疗健康-医生/医技,外科医生
设计-游戏设计-游戏数值策划,设计,游戏设计,设计-游戏设计,游戏数值策划
生产制造-技工/普工-叉车工,生产制造,技工/普工,生产制造-技工/普工,叉车工
市场-会务会展-会展活动执行,市场,会务会展,市场-会务会展,会展活动执行
服务业-餐饮-面包/烘焙师,服务业,餐饮,服务业-餐饮,面包/烘焙师
销售-销售-BD经理,销售,销售,销售-销售,BD经理
技术-测试-测试工程师,技术,测试,技术-测试,测试工程师
服务业-安保/家政/维修-保姆,服务业,安保/家政/维修,服务业-安保/家政/维修,保姆
传媒-影视媒体-儿童引导师,传媒,影视媒体,传媒-影视媒体,儿童引导师
市场-会务会展-会展活动策划,市场,会务会展,市场-会务会展,会展活动策划
生产制造-新能源-电池工程师,生产制造,新能源,生产制造-新能源,电池工程师
医疗健康-生物制药-药物合成,医疗健康,生物制药,医疗健康-生物制药,药物合成
技术-运维/技术支持-IT技术支持,技术,运维/技术支持,技术-运维/技术支持,IT技术支持
设计-视觉/交互设计-UI设计师,设计,视觉/交互设计,设计-视觉/交互设计,UI设计师
传媒-影视媒体-影视特效,传媒,影视媒体,传媒-影视媒体,影视特效
服务业-餐饮-餐饮店长,服务业,餐饮,服务业-餐饮,餐饮店长
设计-视觉/交互设计-视觉设计师,设计,视觉/交互设计,设计-视觉/交互设计,视觉设计师
设计-非视觉设计-家具设计,设计,非视觉设计,设计-非视觉设计,家具设计
医疗健康-临床试验-临床监查员,医疗健康,临床试验,医疗健康-临床试验,临床监查员
设计-视觉/交互设计-CAD设计/制图,设计,视觉/交互设计,设计-视觉/交互设计,CAD设计/制图
服务业-餐饮-送餐员,服务业,餐饮,服务业-餐饮,送餐员
设计-游戏设计-游戏动作,设计,游戏设计,设计-游戏设计,游戏动作
传媒-影视媒体-剪辑师,传媒,影视媒体,传媒-影视媒体,剪辑师
传媒-影视媒体-中控/场控/助播,传媒,影视媒体,传媒-影视媒体,中控/场控/助播
销售-服务业销售-服装导购,销售,服务业销售,销售-服务业销售,服装导购
产品-产品经理-数据产品经理,产品,产品经理,产品-产品经理,数据产品经理
金融-中后台-风控,金融,中后台,金融-中后台,风控
金融-中后台-催收员,金融,中后台,金融-中后台,催收员
销售-房地产销售/招商-地产中介,销售,房地产销售/招商,销售-房地产销售/招商,地产中介
销售-销售管理-城市经理,销售,销售管理,销售-销售管理,城市经理
运营-客服-售前客服,运营,客服,运营-客服,售前客服
技术-前端/移动开发-UE4,技术,前端/移动开发,技术-前端/移动开发,UE4
房地产/建筑-物业管理-物业经理,房地产/建筑,物业管理,房地产/建筑-物业管理,物业经理
市场-市场/营销-营销主管,市场,市场/营销,市场-市场/营销,营销主管
生产制造-技工/普工-钻工,生产制造,技工/普工,生产制造-技工/普工,钻工
传媒-影视媒体-主持人/DJ,传媒,影视媒体,传媒-影视媒体,主持人/DJ
服务业-汽车服务-汽车维修,服务业,汽车服务,服务业-汽车服务,汽车维修
销售-课程销售-招生顾问,销售,课程销售,销售-课程销售,招生顾问
传媒-影视媒体-主播,传媒,影视媒体,传媒-影视媒体,主播
设计-游戏设计-游戏界面设计师,设计,游戏设计,设计-游戏设计,游戏界面设计师
服务业-美容保健-理疗师,服务业,美容保健,服务业-美容保健,理疗师
医疗健康-健康整形-营养师/健康管理师,医疗健康,健康整形,医疗健康-健康整形,营养师/健康管理师
市场-市场/营销-SEO,市场,市场/营销,市场-市场/营销,SEO
技术-硬件开发-嵌入式,技术,硬件开发,技术-硬件开发,嵌入式
销售-广告/会展销售-会展活动销售,销售,广告/会展销售,销售-广告/会展销售,会展活动销售
生产制造-质量安全-产品认证工程师,生产制造,质量安全,生产制造-质量安全,产品认证工程师
销售-销售管理-团队经理,销售,销售管理,销售-销售管理,团队经理
传媒-影视媒体-灯光师,传媒,影视媒体,传媒-影视媒体,灯光师
旅游-旅游服务-计调,旅游,旅游服务,旅游-旅游服务,计调
生产制造-技工/普工-电工,生产制造,技工/普工,生产制造-技工/普工,电工
传媒-采编/写作/出版-作者/撰稿人,传媒,采编/写作/出版,传媒-采编/写作/出版,作者/撰稿人
技术-项目管理-项目助理,技术,项目管理,技术-项目管理,项目助理
运营-运营-数据标注/AI训练师,运营,运营,运营-运营,数据标注/AI训练师
服务业-婚礼/花艺-花艺师,服务业,婚礼/花艺,服务业-婚礼/花艺,花艺师
运营-运营-阿里国际站运营,运营,运营,运营-运营,阿里国际站运营
技术-测试-性能测试,技术,测试,技术-测试,性能测试
供应链/物流-物流-货运代理经理,供应链/物流,物流,供应链/物流-物流,货运代理经理
服务业-零售-商场运营,服务业,零售,服务业-零售,商场运营
销售-销售行政/商务-销售运营,销售,销售行政/商务,销售-销售行政/商务,销售运营
设计-非视觉设计-橱柜设计,设计,非视觉设计,设计-非视觉设计,橱柜设计
销售-汽车销售-汽车配件销售,销售,汽车销售,销售-汽车销售,汽车配件销售
技术-硬件开发-射频工程师,技术,硬件开发,技术-硬件开发,射频工程师
教育培训-教育产品研发-课程设计,教育培训,教育产品研发,教育培训-教育产品研发,课程设计
服务业-零售-促销员,服务业,零售,服务业-零售,促销员
房地产/建筑-建筑/规划设计-园林/景观设计,房地产/建筑,建筑/规划设计,房地产/建筑-建筑/规划设计,园林/景观设计
生产制造-汽车制造-内外饰设计工程师,生产制造,汽车制造,生产制造-汽车制造,内外饰设计工程师
设计-视觉/交互设计-平面设计,设计,视觉/交互设计,设计-视觉/交互设计,平面设计
设计-游戏设计-游戏特效,设计,游戏设计,设计-游戏设计,游戏特效
运营-运营-内容运营,运营,运营,运营-运营,内容运营
技术-测试-软件测试,技术,测试,技术-测试,软件测试
人力/财务/行政-人力资源-人力资源经理/主管,人力/财务/行政,人力资源,人力/财务/行政-人力资源,人力资源经理/主管
市场-市场/营销-游戏推广,市场,市场/营销,市场-市场/营销,游戏推广
技术-前端/移动开发-技术美术,技术,前端/移动开发,技术-前端/移动开发,技术美术
房地产/建筑-建筑/规划设计-弱电工程师,房地产/建筑,建筑/规划设计,房地产/建筑-建筑/规划设计,弱电工程师
设计-视觉/交互设计-漫画师,设计,视觉/交互设计,设计-视觉/交互设计,漫画师
金融-投融资-行业研究,金融,投融资,金融-投融资,行业研究
技术-运维/技术支持-网络安全,技术,运维/技术支持,技术-运维/技术支持,网络安全
市场-市场/营销-网络推广,市场,市场/营销,市场-市场/营销,网络推广
生产制造-机械设计/制造-机械制图员,生产制造,机械设计/制造,生产制造-机械设计/制造,机械制图员
服务业-酒店-礼仪/迎宾/接待,服务业,酒店,服务业-酒店,礼仪/迎宾/接待
教育培训-教师-英语教师,教育培训,教师,教育培训-教师,英语教师
运营-客服-网络客服,运营,客服,运营-客服,网络客服
教育培训-教育行政-教学管理,教育培训,教育行政,教育培训-教育行政,教学管理
人力/财务/行政-人力资源-HRBP,人力/财务/行政,人力资源,人力/财务/行政-人力资源,HRBP
生产制造-质量安全-生产安全员,生产制造,质量安全,生产制造-质量安全,生产安全员
技术-数据-数据开发,技术,数据,技术-数据,数据开发
生产制造-技工/普工-喷塑工,生产制造,技工/普工,生产制造-技工/普工,喷塑工
服务业-零售-门店店长,服务业,零售,服务业-零售,门店店长
设计-高端设计职位-设计经理/主管,设计,高端设计职位,设计-高端设计职位,设计经理/主管
技术-测试-游戏测试,技术,测试,技术-测试,游戏测试
人力/财务/行政-财务-财务经理/主管,人力/财务/行政,财务,人力/财务/行政-财务,财务经理/主管
供应链/物流-交通/运输-商务司机,供应链/物流,交通/运输,供应链/物流-交通/运输,商务司机
服务业-汽车服务-汽车改装工程师,服务业,汽车服务,服务业-汽车服务,汽车改装工程师
技术-后端开发-Java,技术,后端开发,技术-后端开发,Java
销售-金融销售-保险顾问,销售,金融销售,销售-金融销售,保险顾问
运营-运营-淘宝运营,运营,运营,运营-运营,淘宝运营
金融-银行-信贷专员,金融,银行,金融-银行,信贷专员
服务业-零售-陈列员,服务业,零售,服务业-零售,陈列员
运营-运营-速卖通运营,运营,运营,运营-运营,速卖通运营
人力/财务/行政-财务-统计员,人力/财务/行政,财务,人力/财务/行政-财务,统计员
传媒-影视媒体-导演/编导,传媒,影视媒体,传媒-影视媒体,导演/编导
技术-测试-硬件测试,技术,测试,技术-测试,硬件测试
技术-测试-渗透测试,技术,测试,技术-测试,渗透测试
销售-广告/会展销售-广告销售,销售,广告/会展销售,销售-广告/会展销售,广告销售
运营-运营-亚马逊产品开发,运营,运营,运营-运营,亚马逊产品开发
销售-销售行政/商务-商务总监,销售,销售行政/商务,销售-销售行政/商务,商务总监
高级管理-高级管理职位-区域负责人(辖多个分公司),高级管理,高级管理职位,高级管理-高级管理职位,区域负责人(辖多个分公司)
咨询/翻译/法律-咨询/调研-咨询经理,咨询/翻译/法律,咨询/调研,咨询/翻译/法律-咨询/调研,咨询经理
生产制造-技工/普工-抛光工,生产制造,技工/普工,生产制造-技工/普工,抛光工
运营-运营-国内电商运营,运营,运营,运营-运营,国内电商运营
市场-市场/营销-网络营销,市场,市场/营销,市场-市场/营销,网络营销
生产制造-技工/普工-钣金工,生产制造,技工/普工,生产制造-技工/普工,钣金工
技术-后端开发-Golang,技术,后端开发,技术-后端开发,Golang
房地产/建筑-建筑/规划设计-城市规划设计,房地产/建筑,建筑/规划设计,房地产/建筑-建筑/规划设计,城市规划设计
市场-市场/营销-海外市场,市场,市场/营销,市场-市场/营销,海外市场
教育培训-特长培训-轮滑教练,教育培训,特长培训,教育培训-特长培训,轮滑教练
供应链/物流-交通/运输-快递员,供应链/物流,交通/运输,供应链/物流-交通/运输,快递员
生产制造-技工/普工-磨工,生产制造,技工/普工,生产制造-技工/普工,磨工
服务业-宠物服务-宠物医生,服务业,宠物服务,服务业-宠物服务,宠物医生
技术-通信-通信研发工程师,技术,通信,技术-通信,通信研发工程师
教育培训-特长培训-钢琴教师,教育培训,特长培训,教育培训-特长培训,钢琴教师
医疗健康-生物制药-生物学研究人员,医疗健康,生物制药,医疗健康-生物制药,生物学研究人员
教育培训-教师-早教老师,教育培训,教师,教育培训-教师,早教老师
服务业-餐饮-凉菜厨师,服务业,餐饮,服务业-餐饮,凉菜厨师
技术-人工智能-大模型算法,技术,人工智能,技术-人工智能,大模型算法
房地产/建筑-工程管理-施工员,房地产/建筑,工程管理,房地产/建筑-工程管理,施工员
服务业-汽车服务-汽车美容,服务业,汽车服务,服务业-汽车服务,汽车美容
服务业-安保/家政/维修-护工,服务业,安保/家政/维修,服务业-安保/家政/维修,护工
技术-后端开发-.NET,技术,后端开发,技术-后端开发,.NET
生产制造-技工/普工-焊工,生产制造,技工/普工,生产制造-技工/普工,焊工
销售-销售-销售专员,销售,销售,销售-销售,销售专员
技术-高端技术职位-技术总监,技术,高端技术职位,技术-高端技术职位,技术总监
销售-课程销售-课程顾问,销售,课程销售,销售-课程销售,课程顾问
市场-市场/营销-APP推广,市场,市场/营销,市场-市场/营销,APP推广
人力/财务/行政-行政-文员,人力/财务/行政,行政,人力/财务/行政-行政,文员
传媒-影视媒体-剧本杀主持人,传媒,影视媒体,传媒-影视媒体,剧本杀主持人
服务业-餐饮-调酒师,服务业,餐饮,服务业-餐饮,调酒师
技术-运维/技术支持-运维开发工程师,技术,运维/技术支持,技术-运维/技术支持,运维开发工程师
房地产/建筑-建筑/规划设计-建筑工程师,房地产/建筑,建筑/规划设计,房地产/建筑-建筑/规划设计,建筑工程师
技术-项目管理-项目经理/主管,技术,项目管理,技术-项目管理,项目经理/主管
教育培训-特长培训-舞蹈老师,教育培训,特长培训,教育培训-特长培训,舞蹈老师
技术-后端开发-其他后端开发,技术,后端开发,技术-后端开发,其他后端开发
销售-服务业销售-美容顾问,销售,服务业销售,销售-服务业销售,美容顾问
服务业-美容保健-化妆师,服务业,美容保健,服务业-美容保健,化妆师
运营-运营-直播运营,运营,运营,运营-运营,直播运营
教育培训-特长培训-书法教师,教育培训,特长培训,教育培训-特长培训,书法教师
教育培训-特长培训-机器人教师,教育培训,特长培训,教育培训-特长培训,机器人教师
教育培训-特长培训-健身教练,教育培训,特长培训,教育培训-特长培训,健身教练
设计-视觉/交互设计-修图师,设计,视觉/交互设计,设计-视觉/交互设计,修图师
生产制造-生产营运-生产设备管理员,生产制造,生产营运,生产制造-生产营运,生产设备管理员
技术-项目管理-需求分析工程师,技术,项目管理,技术-项目管理,需求分析工程师
传媒-采编/写作/出版-校对录入,传媒,采编/写作/出版,传媒-采编/写作/出版,校对录入
运营-运营-社区运营,运营,运营,运营-运营,社区运营
人力/财务/行政-财务-成本会计,人力/财务/行政,财务,人力/财务/行政-财务,成本会计
房地产/建筑-工程管理-建筑施工项目经理,房地产/建筑,工程管理,房地产/建筑-工程管理,建筑施工项目经理
服务业-美容保健-采耳师,服务业,美容保健,服务业-美容保健,采耳师
技术-人工智能-推荐算法,技术,人工智能,技术-人工智能,推荐算法
运营-运营-网站运营,运营,运营,运营-运营,网站运营
服务业-安保/家政/维修-保安,服务业,安保/家政/维修,服务业-安保/家政/维修,保安
服务业-零售-导购,服务业,零售,服务业-零售,导购
技术-硬件开发-系统集成,技术,硬件开发,技术-硬件开发,系统集成
供应链/物流-交通/运输-无人机飞手,供应链/物流,交通/运输,供应链/物流-交通/运输,无人机飞手
技术-人工智能-规控算法,技术,人工智能,技术-人工智能,规控算法
金融-中后台-金融产品经理,金融,中后台,金融-中后台,金融产品经理
供应链/物流-物流-物流/仓储项目经理,供应链/物流,物流,供应链/物流-物流,物流/仓储项目经理
技术-人工智能-自然语言处理算法,技术,人工智能,技术-人工智能,自然语言处理算法
金融-证券/基金/期货-证券交易员,金融,证券/基金/期货,金融-证券/基金/期货,证券交易员
生产制造-技工/普工-木工,生产制造,技工/普工,生产制造-技工/普工,木工
销售-广告/会展销售-会议活动销售,销售,广告/会展销售,销售-广告/会展销售,会议活动销售
人力/财务/行政-财务-财务分析/财务BP,人力/财务/行政,财务,人力/财务/行政-财务,财务分析/财务BP
传媒-影视媒体-后期制作,传媒,影视媒体,传媒-影视媒体,后期制作
市场-公关媒介-广告客户执行,市场,公关媒介,市场-公关媒介,广告客户执行
运营-运营-内容审核,运营,运营,运营-运营,内容审核
其他-其他职位类别-其他职位,其他,其他职位类别,其他-其他职位类别,其他职位
教育培训-特长培训-播音主持教师,教育培训,特长培训,教育培训-特长培训,播音主持教师
运营-运营-车辆运营,运营,运营,运营-运营,车辆运营
设计-非视觉设计-陈列设计,设计,非视觉设计,设计-非视觉设计,陈列设计
教育培训-教师-地理教师,教育培训,教师,教育培训-教师,地理教师
市场-市场/营销-市场营销,市场,市场/营销,市场-市场/营销,市场营销
咨询/翻译/法律-咨询/调研-IT咨询顾问,咨询/翻译/法律,咨询/调研,咨询/翻译/法律-咨询/调研,IT咨询顾问
教育培训-教师-日语教师,教育培训,教师,教育培训-教师,日语教师
咨询/翻译/法律-咨询/调研-心理咨询师,咨询/翻译/法律,咨询/调研,咨询/翻译/法律-咨询/调研,心理咨询师
生产制造-技工/普工-弱电工,生产制造,技工/普工,生产制造-技工/普工,弱电工
供应链/物流-物流-物流运营,供应链/物流,物流,供应链/物流-物流,物流运营
房地产/建筑-工程管理-测绘/测量,房地产/建筑,工程管理,房地产/建筑-工程管理,测绘/测量
旅游-旅游服务-票务员,旅游,旅游服务,旅游-旅游服务,票务员
服务业-安保/家政/维修-安检员,服务业,安保/家政/维修,服务业-安保/家政/维修,安检员
生产制造-技工/普工-钳工,生产制造,技工/普工,生产制造-技工/普工,钳工
生产制造-化工-化妆品研发,生产制造,化工,生产制造-化工,化妆品研发
服务业-餐饮-服务员,服务业,餐饮,服务业-餐饮,服务员
农/林/牧/渔-农业/林业-农业/林业技术员,农/林/牧/渔,农业/林业,农/林/牧/渔-农业/林业,农业/林业技术员
金融-保险-保险理赔,金融,保险,金融-保险,保险理赔
咨询/翻译/法律-律师-事务所律师,咨询/翻译/法律,律师,咨询/翻译/法律-律师,事务所律师
技术-电子/半导体-集成电路IC设计,技术,电子/半导体,技术-电子/半导体,集成电路IC设计
生产制造-汽车制造-汽车设计,生产制造,汽车制造,生产制造-汽车制造,汽车设计
运营-运营-用户运营,运营,运营,运营-运营,用户运营
教育培训-特长培训-乒乓球教练,教育培训,特长培训,教育培训-特长培训,乒乓球教练
服务业-美容保健-养发师,服务业,美容保健,服务业-美容保健,养发师
生产制造-技工/普工-水电工,生产制造,技工/普工,生产制造-技工/普工,水电工
服务业-美容保健-美体师,服务业,美容保健,服务业-美容保健,美体师
服务业-餐饮-烧烤师傅,服务业,餐饮,服务业-餐饮,烧烤师傅
房地产/建筑-工程管理-工程监理,房地产/建筑,工程管理,房地产/建筑-工程管理,工程监理
服务业-餐饮-奶茶店店员,服务业,餐饮,服务业-餐饮,奶茶店店员
医疗健康-医生/医技-眼科医生,医疗健康,医生/医技,医疗健康-医生/医技,眼科医生
人力/财务/行政-财务-财务顾问,人力/财务/行政,财务,人力/财务/行政-财务,财务顾问
教育培训-教师-物理教师,教育培训,教师,教育培训-教师,物理教师
销售-服务业销售-会籍顾问,销售,服务业销售,销售-服务业销售,会籍顾问
房地产/建筑-房地产规划开发-房地产策划,房地产/建筑,房地产规划开发,房地产/建筑-房地产规划开发,房地产策划
教育培训-教师-高中教师,教育培训,教师,教育培训-教师,高中教师
技术-后端开发-Python,技术,后端开发,技术-后端开发,Python
运营-运营-游戏运营,运营,运营,运营-运营,游戏运营
销售-销售-渠道销售,销售,销售,销售-销售,渠道销售
生产制造-技工/普工-机修工,生产制造,技工/普工,生产制造-技工/普工,机修工
服务业-酒店-客房经理,服务业,酒店,服务业-酒店,客房经理
人力/财务/行政-法务-法务专员/助理,人力/财务/行政,法务,人力/财务/行政-法务,法务专员/助理
人力/财务/行政-财务-会计,人力/财务/行政,财务,人力/财务/行政-财务,会计
服务业-美容保健-美发助理/学徒,服务业,美容保健,服务业-美容保健,美发助理/学徒
服务业-零售-卖场经理,服务业,零售,服务业-零售,卖场经理
设计-视觉/交互设计-网页设计师,设计,视觉/交互设计,设计-视觉/交互设计,网页设计师
旅游-旅游服务-导游,旅游,旅游服务,旅游-旅游服务,导游
市场-政府事务-项目申报专员,市场,政府事务,市场-政府事务,项目申报专员
金融-中后台-资产评估,金融,中后台,金融-中后台,资产评估
市场-市场/营销-市场策划,市场,市场/营销,市场-市场/营销,市场策划
服务业-汽车服务-二手车评估师,服务业,汽车服务,服务业-汽车服务,二手车评估师
生产制造-技工/普工-搬运工/装卸工,生产制造,技工/普工,生产制造-技工/普工,搬运工/装卸工
教育培训-教育行政-校长/副校长,教育培训,教育行政,教育培训-教育行政,校长/副校长
技术-前端/移动开发-Cocos,技术,前端/移动开发,技术-前端/移动开发,Cocos
服务业-汽车服务-汽车服务顾问,服务业,汽车服务,服务业-汽车服务,汽车服务顾问
生产制造-机械设计/制造-热设计工程师,生产制造,机械设计/制造,生产制造-机械设计/制造,热设计工程师
生产制造-生产营运-生产计划/物料管理(PMC),生产制造,生产营运,生产制造-生产营运,生产计划/物料管理(PMC)
人力/财务/行政-人力资源-员工关系,人力/财务/行政,人力资源,人力/财务/行政-人力资源,员工关系
技术-后端开发-C/C++,技术,后端开发,技术-后端开发,C/C++
运营-高端运营职位-运营总监,运营,高端运营职位,运营-高端运营职位,运营总监
服务业-酒店-酒店前台,服务业,酒店,服务业-酒店,酒店前台
高级管理-高级管理职位-高级管理职位,高级管理,高级管理职位,高级管理-高级管理职位,高级管理职位
生产制造-生产营运-生产组长/拉长,生产制造,生产营运,生产制造-生产营运,生产组长/拉长
生产制造-技工/普工-氩弧焊工,生产制造,技工/普工,生产制造-技工/普工,氩弧焊工
教育培训-教师-托管老师,教育培训,教师,教育培训-教师,托管老师
服务业-零售-防损员,服务业,零售,服务业-零售,防损员
服务业-汽车服务-洗车工,服务业,汽车服务,服务业-汽车服务,洗车工
医疗健康-生物制药-生物信息工程师,医疗健康,生物制药,医疗健康-生物制药,生物信息工程师
销售-销售行政/商务-商务专员,销售,销售行政/商务,销售-销售行政/商务,商务专员
生产制造-环保-环评工程师,生产制造,环保,生产制造-环保,环评工程师
教育培训-教师-初中教师,教育培训,教师,教育培训-教师,初中教师
采购/贸易-采购-供应商质量工程师,采购/贸易,采购,采购/贸易-采购,供应商质量工程师
供应链/物流-仓储-仓库管理员,供应链/物流,仓储,供应链/物流-仓储,仓库管理员
人力/财务/行政-财务-财务总监/VP,人力/财务/行政,财务,人力/财务/行政-财务,财务总监/VP
教育培训-教育产品研发-课程编辑,教育培训,教育产品研发,教育培训-教育产品研发,课程编辑
农/林/牧/渔-畜牧/渔业-畜牧兽医,农/林/牧/渔,畜牧/渔业,农/林/牧/渔-畜牧/渔业,畜牧兽医
技术-人工智能-算法工程师,技术,人工智能,技术-人工智能,算法工程师
技术-数据-数据架构师,技术,数据,技术-数据,数据架构师
医疗健康-医生/医技-中医,医疗健康,医生/医技,医疗健康-医生/医技,中医
生产制造-技工/普工-学徒工,生产制造,技工/普工,生产制造-技工/普工,学徒工
设计-游戏设计-游戏场景,设计,游戏设计,设计-游戏设计,游戏场景
医疗健康-医生/医技-口腔科医生,医疗健康,医生/医技,医疗健康-医生/医技,口腔科医生
供应链/物流-高端供应链职位-供应链总监,供应链/物流,高端供应链职位,供应链/物流-高端供应链职位,供应链总监
技术-项目管理-实施工程师,技术,项目管理,技术-项目管理,实施工程师
采购/贸易-采购-投标专员,采购/贸易,采购,采购/贸易-采购,投标专员
生产制造-化工-食品/饮料研发,生产制造,化工,生产制造-化工,食品/饮料研发
教育培训-教师-感统训练教师,教育培训,教师,教育培训-教师,感统训练教师
服务业-安保/家政/维修-月嫂,服务业,安保/家政/维修,服务业-安保/家政/维修,月嫂
生产制造-环保-EHS工程师,生产制造,环保,生产制造-环保,EHS工程师
运营-运营-新媒体运营,运营,运营,运营-运营,新媒体运营
医疗健康-药店-执业药师/驻店药师,医疗健康,药店,医疗健康-药店,执业药师/驻店药师
技术-测试-自动化测试,技术,测试,技术-测试,自动化测试
教育培训-特长培训-吉他教师,教育培训,特长培训,教育培训-特长培训,吉他教师
供应链/物流-物流-供应链专员,供应链/物流,物流,供应链/物流-物流,供应链专员
生产制造-技工/普工-包装工,生产制造,技工/普工,生产制造-技工/普工,包装工
供应链/物流-物流-货运代理专员,供应链/物流,物流,供应链/物流-物流,货运代理专员
服务业-美容保健-纹绣师,服务业,美容保健,服务业-美容保健,纹绣师
服务业-餐饮-收银,服务业,餐饮,服务业-餐饮,收银
产品-产品经理-电商产品经理,产品,产品经理,产品-产品经理,电商产品经理
销售-医疗销售-医疗器械销售,销售,医疗销售,销售-医疗销售,医疗器械销售
服务业-零售-店员/营业员,服务业,零售,服务业-零售,店员/营业员
技术-前端/移动开发-Android,技术,前端/移动开发,技术-前端/移动开发,Android
房地产/建筑-工程管理-资料员,房地产/建筑,工程管理,房地产/建筑-工程管理,资料员
生产制造-生产营运-厂务,生产制造,生产营运,生产制造-生产营运,厂务
房地产/建筑-装饰装修-软装设计师,房地产/建筑,装饰装修,房地产/建筑-装饰装修,软装设计师
人力/财务/行政-人力资源-组织发展,人力/财务/行政,人力资源,人力/财务/行政-人力资源,组织发展
服务业-汽车服务-汽车查勘定损,服务业,汽车服务,服务业-汽车服务,汽车查勘定损
教育培训-教育行政-班主任/辅导员,教育培训,教育行政,教育培训-教育行政,班主任/辅导员
供应链/物流-物流-水/空/陆运操作,供应链/物流,物流,供应链/物流-物流,水/空/陆运操作
供应链/物流-交通/运输-驾校教练,供应链/物流,交通/运输,供应链/物流-交通/运输,驾校教练
生产制造-机械设计/制造-夹具工程师,生产制造,机械设计/制造,生产制造-机械设计/制造,夹具工程师
服务业-餐饮-茶艺师,服务业,餐饮,服务业-餐饮,茶艺师
人力/财务/行政-人力资源-薪酬绩效,人力/财务/行政,人力资源,人力/财务/行政-人力资源,薪酬绩效
旅游-旅游服务-讲解员,旅游,旅游服务,旅游-旅游服务,讲解员
医疗健康-医生/医技-验光师,医疗健康,医生/医技,医疗健康-医生/医技,验光师
教育培训-教师-美术教师,教育培训,教师,教育培训-教师,美术教师
教育培训-教师-教师,教育培训,教师,教育培训-教师,教师
咨询/翻译/法律-咨询/调研-婚恋咨询师,咨询/翻译/法律,咨询/调研,咨询/翻译/法律-咨询/调研,婚恋咨询师
生产制造-新能源-线束设计,生产制造,新能源,生产制造-新能源,线束设计
农/林/牧/渔-畜牧/渔业-饲养员,农/林/牧/渔,畜牧/渔业,农/林/牧/渔-畜牧/渔业,饲养员
生产制造-环保-环保工程师,生产制造,环保,生产制造-环保,环保工程师
销售-医疗销售-医药代表,销售,医疗销售,销售-医疗销售,医药代表
运营-编辑-网站编辑,运营,编辑,运营-编辑,网站编辑
金融-中后台-合规稽查,金融,中后台,金融-中后台,合规稽查
咨询/翻译/法律-咨询/调研-市场调研,咨询/翻译/法律,咨询/调研,咨询/翻译/法律-咨询/调研,市场调研
传媒-影视媒体-摄影/摄像师,传媒,影视媒体,传媒-影视媒体,摄影/摄像师
销售-销售-销售工程师,销售,销售,销售-销售,销售工程师
技术-项目管理-实施顾问,技术,项目管理,技术-项目管理,实施顾问
教育培训-教师-体育教师/体育教练,教育培训,教师,教育培训-教师,体育教师/体育教练
人力/财务/行政-行政-前台,人力/财务/行政,行政,人力/财务/行政-行政,前台
人力/财务/行政-财务-总账会计,人力/财务/行政,财务,人力/财务/行政-财务,总账会计
生产制造-汽车制造-汽车电子工程师,生产制造,汽车制造,生产制造-汽车制造,汽车电子工程师
服务业-餐饮-厨师,服务业,餐饮,服务业-餐饮,厨师
生产制造-质量安全-汽车质量工程师,生产制造,质量安全,生产制造-质量安全,汽车质量工程师
技术-硬件开发-DSP开发,技术,硬件开发,技术-硬件开发,DSP开发
采购/贸易-采购-商品经理,采购/贸易,采购,采购/贸易-采购,商品经理
教育培训-教师-幼教,教育培训,教师,教育培训-教师,幼教
医疗健康-医生/医技-检验科医师,医疗健康,医生/医技,医疗健康-医生/医技,检验科医师
房地产/建筑-房地产规划开发-地产项目管理,房地产/建筑,房地产规划开发,房地产/建筑-房地产规划开发,地产项目管理
产品-产品经理-AI产品经理,产品,产品经理,产品-产品经理,AI产品经理
技术-人工智能-深度学习,技术,人工智能,技术-人工智能,深度学习
运营-运营-拼多多运营,运营,运营,运营-运营,拼多多运营
咨询/翻译/法律-律师-律师助理,咨询/翻译/法律,律师,咨询/翻译/法律-律师,律师助理
生产制造-机械设计/制造-机电工程师,生产制造,机械设计/制造,生产制造-机械设计/制造,机电工程师
教育培训-特长培训-表演教师,教育培训,特长培训,教育培训-特长培训,表演教师
生产制造-质量安全-体系审核员,生产制造,质量安全,生产制造-质量安全,体系审核员
服务业-餐饮-行政总厨,服务业,餐饮,服务业-餐饮,行政总厨
高级管理-高级管理职位-副总裁/副总经理/VP,高级管理,高级管理职位,高级管理-高级管理职位,副总裁/副总经理/VP
产品-产品经理-产品专员,产品,产品经理,产品-产品经理,产品专员
教育培训-教师-理科教师,教育培训,教师,教育培训-教师,理科教师
医疗健康-护士/护理-护士,医疗健康,护士/护理,医疗健康-护士/护理,护士
销售-销售-客户代表,销售,销售,销售-销售,客户代表
高级管理-高级管理职位-总助/CEO助理/董事长助理,高级管理,高级管理职位,高级管理-高级管理职位,总助/CEO助理/董事长助理
人力/财务/行政-行政-行政总监,人力/财务/行政,行政,人力/财务/行政-行政,行政总监
技术-前端/移动开发-iOS,技术,前端/移动开发,技术-前端/移动开发,iOS
服务业-安保/家政/维修-育婴师,服务业,安保/家政/维修,服务业-安保/家政/维修,育婴师
采购/贸易-采购-采购总监,采购/贸易,采购,采购/贸易-采购,采购总监
房地产/建筑-房地产规划开发-地产招投标,房地产/建筑,房地产规划开发,房地产/建筑-房地产规划开发,地产招投标
传媒-影视媒体-影视策划,传媒,影视媒体,传媒-影视媒体,影视策划
生产制造-能源/地质-光伏系统工程师,生产制造,能源/地质,生产制造-能源/地质,光伏系统工程师
设计-视觉/交互设计-动画设计,设计,视觉/交互设计,设计-视觉/交互设计,动画设计
房地产/建筑-物业管理-综合维修工,房地产/建筑,物业管理,房地产/建筑-物业管理,综合维修工
技术-电子/半导体-电气设计工程师,技术,电子/半导体,技术-电子/半导体,电气设计工程师
销售-医疗销售-健康顾问,销售,医疗销售,销售-医疗销售,健康顾问
运营-客服-客服经理,运营,客服,运营-客服,客服经理
生产制造-新能源-电机工程师,生产制造,新能源,生产制造-新能源,电机工程师
传媒-影视媒体-游戏主播,传媒,影视媒体,传媒-影视媒体,游戏主播
生产制造-机械设计/制造-注塑工程师,生产制造,机械设计/制造,生产制造-机械设计/制造,注塑工程师
服务业-酒店-客房服务员,服务业,酒店,服务业-酒店,客房服务员
市场-市场/营销-活动策划,市场,市场/营销,市场-市场/营销,活动策划
技术-电子/半导体-电子维修技术员,技术,电子/半导体,技术-电子/半导体,电子维修技术员
运营-运营-线下拓展运营,运营,运营,运营-运营,线下拓展运营
技术-后端开发-PHP,技术,后端开发,技术-后端开发,PHP
技术-电子/半导体-电子工程师,技术,电子/半导体,技术-电子/半导体,电子工程师
设计-视觉/交互设计-美工,设计,视觉/交互设计,设计-视觉/交互设计,美工
教育培训-教师-生物教师,教育培训,教师,教育培训-教师,生物教师
医疗健康-医生/医技-医生助理,医疗健康,医生/医技,医疗健康-医生/医技,医生助理
生产制造-机械设计/制造-机械维修/保养,生产制造,机械设计/制造,生产制造-机械设计/制造,机械维修/保养
市场-会务会展-会议活动执行,市场,会务会展,市场-会务会展,会议活动执行
医疗健康-药店-药店店员,医疗健康,药店,医疗健康-药店,药店店员
医疗健康-医疗器械-医疗器械注册,医疗健康,医疗器械,医疗健康-医疗器械,医疗器械注册
市场-公关媒介-媒介专员,市场,公关媒介,市场-公关媒介,媒介专员
咨询/翻译/法律-翻译-其他语种翻译,咨询/翻译/法律,翻译,咨询/翻译/法律-翻译,其他语种翻译
人力/财务/行政-行政-后勤,人力/财务/行政,行政,人力/财务/行政-行政,后勤
生产制造-技工/普工-普工/操作工,生产制造,技工/普工,生产制造-技工/普工,普工/操作工
房地产/建筑-工程管理-工程预算,房地产/建筑,工程管理,房地产/建筑-工程管理,工程预算
传媒-采编/写作/出版-编辑,传媒,采编/写作/出版,传媒-采编/写作/出版,编辑
采购/贸易-采购-采购经理/主管,采购/贸易,采购,采购/贸易-采购,采购经理/主管
技术-电子/半导体-FAE,技术,电子/半导体,技术-电子/半导体,FAE
技术-高端技术职位-CTO,技术,高端技术职位,技术-高端技术职位,CTO
人力/财务/行政-行政-行政经理/主管,人力/财务/行政,行政,人力/财务/行政-行政,行政经理/主管
教育培训-教育行政-园长/副园长,教育培训,教育行政,教育培训-教育行政,园长/副园长
市场-市场/营销-SEM,市场,市场/营销,市场-市场/营销,SEM
销售-销售行政/商务-客户成功,销售,销售行政/商务,销售-销售行政/商务,客户成功
人力/财务/行政-财务-结算会计,人力/财务/行政,财务,人力/财务/行政-财务,结算会计
旅游-旅游产品开发/策划-旅游产品经理,旅游,旅游产品开发/策划,旅游-旅游产品开发/策划,旅游产品经理
生产制造-化工-实验室技术员,生产制造,化工,生产制造-化工,实验室技术员
医疗健康-医疗器械-医疗器械生产/质量管理,医疗健康,医疗器械,医疗健康-医疗器械,医疗器械生产/质量管理
服务业-酒店-酒店前厅经理,服务业,酒店,服务业-酒店,酒店前厅经理
服务业-餐饮-面点师,服务业,餐饮,服务业-餐饮,面点师
教育培训-教师-语文教师,教育培训,教师,教育培训-教师,语文教师
市场-广告-广告/会展项目经理,市场,广告,市场-广告,广告/会展项目经理
人力/财务/行政-财务-税务外勤会计,人力/财务/行政,财务,人力/财务/行政-财务,税务外勤会计
咨询/翻译/法律-咨询/调研-战略咨询,咨询/翻译/法律,咨询/调研,咨询/翻译/法律-咨询/调研,战略咨询
运营-运营-京东运营,运营,运营,运营-运营,京东运营
运营-高端运营职位-运营经理/主管,运营,高端运营职位,运营-高端运营职位,运营经理/主管
医疗健康-医生/医技-药剂师,医疗健康,医生/医技,医疗健康-医生/医技,药剂师
咨询/翻译/法律-咨询/调研-企业管理咨询,咨询/翻译/法律,咨询/调研,咨询/翻译/法律-咨询/调研,企业管理咨询
生产制造-机械设计/制造-工艺工程师,生产制造,机械设计/制造,生产制造-机械设计/制造,工艺工程师
咨询/翻译/法律-咨询/调研-咨询项目管理,咨询/翻译/法律,咨询/调研,咨询/翻译/法律-咨询/调研,咨询项目管理
房地产/建筑-物业管理-绿化工,房地产/建筑,物业管理,房地产/建筑-物业管理,绿化工
传媒-采编/写作/出版-印刷排版,传媒,采编/写作/出版,传媒-采编/写作/出版,印刷排版
传媒-影视媒体-带货主播,传媒,影视媒体,传媒-影视媒体,带货主播
运营-客服-售后客服,运营,客服,运营-客服,售后客服
市场-高端市场职位-市场总监,市场,高端市场职位,市场-高端市场职位,市场总监
服务业-酒店-民宿管家,服务业,酒店,服务业-酒店,民宿管家
技术-数据-数据仓库,技术,数据,技术-数据,数据仓库
服务业-零售-理货员,服务业,零售,服务业-零售,理货员
市场-市场/营销-市场推广,市场,市场/营销,市场-市场/营销,市场推广
房地产/建筑-建筑/规划设计-暖通工程师,房地产/建筑,建筑/规划设计,房地产/建筑-建筑/规划设计,暖通工程师
传媒-影视媒体-录音/音效,传媒,影视媒体,传媒-影视媒体,录音/音效
销售-金融销售-证券经纪人,销售,金融销售,销售-金融销售,证券经纪人
医疗健康-医生/医技-幼儿园保健医,医疗健康,医生/医技,医疗健康-医生/医技,幼儿园保健医
传媒-影视媒体-视频编辑,传媒,影视媒体,传媒-影视媒体,视频编辑
服务业-美容保健-美睫师,服务业,美容保健,服务业-美容保健,美睫师
运营-客服-客服主管,运营,客服,运营-客服,客服主管
销售-销售-大客户代表,销售,销售,销售-销售,大客户代表
设计-非视觉设计-家居设计,设计,非视觉设计,设计-非视觉设计,家居设计
生产制造-技工/普工-铆工,生产制造,技工/普工,生产制造-技工/普工,铆工
产品-产品经理-硬件产品经理,产品,产品经理,产品-产品经理,硬件产品经理
供应链/物流-仓储-仓库文员,供应链/物流,仓储,供应链/物流-仓储,仓库文员
供应链/物流-物流-物流跟单,供应链/物流,物流,供应链/物流-物流,物流跟单
服务业-餐饮-传菜员,服务业,餐饮,服务业-餐饮,传菜员
服务业-其他服务业职位-网吧网管,服务业,其他服务业职位,服务业-其他服务业职位,网吧网管
服务业-餐饮-餐饮储备店长/干部,服务业,餐饮,服务业-餐饮,餐饮储备店长/干部
金融-银行-柜员,金融,银行,金融-银行,柜员
供应链/物流-交通/运输-运输经理/主管,供应链/物流,交通/运输,供应链/物流-交通/运输,运输经理/主管
传媒-影视媒体-演员/配音/模特,传媒,影视媒体,传媒-影视媒体,演员/配音/模特
生产制造-服装/纺织/皮革-打样/制版,生产制造,服装/纺织/皮革,生产制造-服装/纺织/皮革,打样/制版
服务业-安保/家政/维修-家电维修,服务业,安保/家政/维修,服务业-安保/家政/维修,家电维修
教育培训-特长培训-武术教练,教育培训,特长培训,教育培训-特长培训,武术教练
高级管理-高级管理职位-总裁/总经理/CEO,高级管理,高级管理职位,高级管理-高级管理职位,总裁/总经理/CEO
生产制造-技工/普工-电梯工,生产制造,技工/普工,生产制造-技工/普工,电梯工
市场-政府事务-企业党建,市场,政府事务,市场-政府事务,企业党建
生产制造-生产营运-车间主任,生产制造,生产营运,生产制造-生产营运,车间主任
供应链/物流-物流-物流经理,供应链/物流,物流,供应链/物流-物流,物流经理
教育培训-教师-音乐教师,教育培训,教师,教育培训-教师,音乐教师
供应链/物流-仓储-配/理/拣/发货,供应链/物流,仓储,供应链/物流-仓储,配/理/拣/发货
房地产/建筑-工程管理-施工安全员,房地产/建筑,工程管理,房地产/建筑-工程管理,施工安全员
生产制造-技工/普工-油漆工,生产制造,技工/普工,生产制造-技工/普工,油漆工
医疗健康-医疗器械-试剂研发,医疗健康,医疗器械,医疗健康-医疗器械,试剂研发
教育培训-教师-小学教师,教育培训,教师,教育培训-教师,小学教师
销售-金融销售-信用卡销售,销售,金融销售,销售-金融销售,信用卡销售
生产制造-技工/普工-缝纫工,生产制造,技工/普工,生产制造-技工/普工,缝纫工
销售-销售管理-区域总监,销售,销售管理,销售-销售管理,区域总监
设计-高端设计职位-设计总监,设计,高端设计职位,设计-高端设计职位,设计总监
销售-销售行政/商务-销售助理,销售,销售行政/商务,销售-销售行政/商务,销售助理
销售-服务业销售-珠宝销售,销售,服务业销售,销售-服务业销售,珠宝销售
服务业-安保/家政/维修-消防中控员,服务业,安保/家政/维修,服务业-安保/家政/维修,消防中控员
市场-市场/营销-商务渠道,市场,市场/营销,市场-市场/营销,商务渠道
旅游-旅游产品开发/策划-旅游策划师,旅游,旅游产品开发/策划,旅游-旅游产品开发/策划,旅游策划师
咨询/翻译/法律-律师-法务,咨询/翻译/法律,律师,咨询/翻译/法律-律师,法务
技术-运维/技术支持-运维工程师,技术,运维/技术支持,技术-运维/技术支持,运维工程师
咨询/翻译/法律-翻译-韩语/朝鲜语翻译,咨询/翻译/法律,翻译,咨询/翻译/法律-翻译,韩语/朝鲜语翻译
技术-硬件开发-PCB工艺,技术,硬件开发,技术-硬件开发,PCB工艺
人力/财务/行政-财务-出纳,人力/财务/行政,财务,人力/财务/行政-财务,出纳
旅游-旅游服务-签证专员,旅游,旅游服务,旅游-旅游服务,签证专员
运营-运营-微信运营,运营,运营,运营-运营,微信运营
运营-运营-视频运营,运营,运营,运营-运营,视频运营
技术-硬件开发-单片机,技术,硬件开发,技术-硬件开发,单片机
生产制造-化工-涂料研发,生产制造,化工,生产制造-化工,涂料研发
传媒-影视媒体-化妆/造型/服装,传媒,影视媒体,传媒-影视媒体,化妆/造型/服装
运营-客服-咨询热线/呼叫中心客服,运营,客服,运营-客服,咨询热线/呼叫中心客服
生产制造-化工-化工工程师,生产制造,化工,生产制造-化工,化工工程师
医疗健康-护士/护理-导医,医疗健康,护士/护理,医疗健康-护士/护理,导医
技术-运维/技术支持-DBA,技术,运维/技术支持,技术-运维/技术支持,DBA
金融-证券/基金/期货-卖方分析师,金融,证券/基金/期货,金融-证券/基金/期货,卖方分析师
金融-投融资-投资经理,金融,投融资,金融-投融资,投资经理
生产制造-生产营运-生产文员,生产制造,生产营运,生产制造-生产营运,生产文员
金融-投融资-投资总监/VP,金融,投融资,金融-投融资,投资总监/VP
运营-运营-天猫运营,运营,运营,运营-运营,天猫运营
技术-项目管理-项目专员,技术,项目管理,技术-项目管理,项目专员
教育培训-特长培训-跆拳道教练,教育培训,特长培训,教育培训-特长培训,跆拳道教练
技术-后端开发-全栈工程师,技术,后端开发,技术-后端开发,全栈工程师
医疗健康-医生/医技-皮肤科医生,医疗健康,医生/医技,医疗健康-医生/医技,皮肤科医生
技术-电子/半导体-IC验证工程师,技术,电子/半导体,技术-电子/半导体,IC验证工程师
服务业-餐饮-蛋糕/裱花师,服务业,餐饮,服务业-餐饮,蛋糕/裱花师
传媒-采编/写作/出版-出版发行,传媒,采编/写作/出版,传媒-采编/写作/出版,出版发行
采购/贸易-采购-招标专员,采购/贸易,采购,采购/贸易-采购,招标专员
医疗健康-生物制药-药品生产,医疗健康,生物制药,医疗健康-生物制药,药品生产
服务业-美容保健-按摩师,服务业,美容保健,服务业-美容保健,按摩师
销售-销售行政/商务-商务经理,销售,销售行政/商务,销售-销售行政/商务,商务经理
设计-视觉/交互设计-包装设计,设计,视觉/交互设计,设计-视觉/交互设计,包装设计
医疗健康-临床试验-临床项目经理,医疗健康,临床试验,医疗健康-临床试验,临床项目经理
房地产/建筑-建筑/规划设计-建筑机电工程师,房地产/建筑,建筑/规划设计,房地产/建筑-建筑/规划设计,建筑机电工程师
生产制造-机械设计/制造-冲压工程师,生产制造,机械设计/制造,生产制造-机械设计/制造,冲压工程师
技术-硬件开发-电路设计,技术,硬件开发,技术-硬件开发,电路设计
服务业-酒店-酒店经理,服务业,酒店,服务业-酒店,酒店经理
人力/财务/行政-人力资源-招聘,人力/财务/行政,人力资源,人力/财务/行政-人力资源,招聘
技术-数据-ETL工程师,技术,数据,技术-数据,ETL工程师
设计-视觉/交互设计-原画师,设计,视觉/交互设计,设计-视觉/交互设计,原画师
生产制造-技工/普工-模具工,生产制造,技工/普工,生产制造-技工/普工,模具工
产品-高端产品职位-高级产品管理岗,产品,高端产品职位,产品-高端产品职位,高级产品管理岗
采购/贸易-采购-采购工程师,采购/贸易,采购,采购/贸易-采购,采购工程师
技术-运维/技术支持-系统管理员,技术,运维/技术支持,技术-运维/技术支持,系统管理员
生产制造-机械设计/制造-机械工程师,生产制造,机械设计/制造,生产制造-机械设计/制造,机械工程师
采购/贸易-进出口贸易-贸易跟单,采购/贸易,进出口贸易,采购/贸易-进出口贸易,贸易跟单
医疗健康-生物制药-医药研发,医疗健康,生物制药,医疗健康-生物制药,医药研发
销售-销售管理-销售总监,销售,销售管理,销售-销售管理,销售总监
市场-市场/营销-选址开发,市场,市场/营销,市场-市场/营销,选址开发
医疗健康-医疗器械-医疗器械研发,医疗健康,医疗器械,医疗健康-医疗器械,医疗器械研发
服务业-美容保健-足疗师,服务业,美容保健,服务业-美容保健,足疗师
生产制造-技工/普工-铣工,生产制造,技工/普工,生产制造-技工/普工,铣工
供应链/物流-交通/运输-货运司机,供应链/物流,交通/运输,供应链/物流-交通/运输,货运司机
咨询/翻译/法律-翻译-俄语翻译,咨询/翻译/法律,翻译,咨询/翻译/法律-翻译,俄语翻译
服务业-餐饮-前厅经理/领班,服务业,餐饮,服务业-餐饮,前厅经理/领班
生产制造-服装/纺织/皮革-服装/纺织/皮革跟单,生产制造,服装/纺织/皮革,生产制造-服装/纺织/皮革,服装/纺织/皮革跟单
医疗健康-医生/医技-整形医生,医疗健康,医生/医技,医疗健康-医生/医技,整形医生
销售-房地产销售/招商-置业顾问,销售,房地产销售/招商,销售-房地产销售/招商,置业顾问
人力/财务/行政-财务-建筑/工程会计,人力/财务/行政,财务,人力/财务/行政-财务,建筑/工程会计
销售-医疗销售-医美咨询,销售,医疗销售,销售-医疗销售,医美咨询
运营-客服-客服专员,运营,客服,运营-客服,客服专员
生产制造-技工/普工-切割工,生产制造,技工/普工,生产制造-技工/普工,切割工
教育培训-教师-数学教师,教育培训,教师,教育培训-教师,数学教师
技术-运维/技术支持-系统工程师,技术,运维/技术支持,技术-运维/技术支持,系统工程师
教育培训-特长培训-少儿编程老师,教育培训,特长培训,教育培训-特长培训,少儿编程老师
教育培训-教师-家教,教育培训,教师,教育培训-教师,家教
教育培训-教师-化学教师,教育培训,教师,教育培训-教师,化学教师
市场-政府事务-社工,市场,政府事务,市场-政府事务,社工
生产制造-汽车制造-汽车零部件设计,生产制造,汽车制造,生产制造-汽车制造,汽车零部件设计
服务业-餐饮-水台,服务业,餐饮,服务业-餐饮,水台
生产制造-质量安全-体系工程师,生产制造,质量安全,生产制造-质量安全,体系工程师
服务业-美容保健-美甲师,服务业,美容保健,服务业-美容保健,美甲师
技术-高端技术职位-架构师,技术,高端技术职位,技术-高端技术职位,架构师
生产制造-机械设计/制造-CNC/数控,生产制造,机械设计/制造,生产制造-机械设计/制造,CNC/数控
生产制造-环保-环境检测员,生产制造,环保,生产制造-环保,环境检测员
高级管理-高级管理职位-联合创始人,高级管理,高级管理职位,高级管理-高级管理职位,联合创始人
销售-销售管理-销售经理,销售,销售管理,销售-销售管理,销售经理
服务业-美容保健-发型师,服务业,美容保健,服务业-美容保健,发型师
服务业-餐饮-咖啡师,服务业,餐饮,服务业-餐饮,咖啡师
供应链/物流-物流-物流专员,供应链/物流,物流,供应链/物流-物流,物流专员
销售-金融销售-理财顾问,销售,金融销售,销售-金融销售,理财顾问
运营-运营-产品运营,运营,运营,运营-运营,产品运营
市场-政府事务-政府关系,市场,政府事务,市场-政府事务,政府关系
市场-公关媒介-活动策划执行,市场,公关媒介,市场-公关媒介,活动策划执行
服务业-餐饮-中餐厨师,服务业,餐饮,服务业-餐饮,中餐厨师
